[{"model": "admin.logentry", "pk": 1, "fields": {"action_time": "2023-01-28T14:37:19.948Z", "user": 3, "content_type": 9, "object_id": "4", "object_repr": "Post object (4)", "action_flag": 1, "change_message": "[{\"added\": {}}]"}}, {"model": "admin.logentry", "pk": 2, "fields": {"action_time": "2023-01-28T14:39:00.684Z", "user": 3, "content_type": 9, "object_id": "1", "object_repr": "Раньше игры были лучше", "action_flag": 3, "change_message": ""}}, {"model": "admin.logentry", "pk": 3, "fields": {"action_time": "2023-01-28T15:08:10.469Z", "user": 3, "content_type": 9, "object_id": "4", "object_repr": "Раньше игры были лучше", "action_flag": 2, "change_message": "[{\"changed\": {\"fields\": [\"CategoryType\"]}}]"}}, {"model": "admin.logentry", "pk": 4, "fields": {"action_time": "2023-01-28T15:09:22.396Z", "user": 3, "content_type": 9, "object_id": "5", "object_repr": "Где наше детство?", "action_flag": 1, "change_message": "[{\"added\": {}}]"}}, {"model": "admin.logentry", "pk": 5, "fields": {"action_time": "2023-01-30T20:26:07.242Z", "user": 3, "content_type": 9, "object_id": "5", "object_repr": "Где наша сосиска из детства?", "action_flag": 2, "change_message": "[{\"changed\": {\"fields\": [\"Title\", \"Text\"]}}]"}}, {"model": "admin.logentry", "pk": 6, "fields": {"action_time": "2023-01-30T20:37:56.269Z", "user": 3, "content_type": 9, "object_id": "5", "object_repr": "Где наша сосиска из детства?", "action_flag": 2, "change_message": "[]"}}, {"model": "admin.logentry", "pk": 7, "fields": {"action_time": "2023-02-07T16:57:51.368Z", "user": 3, "content_type": 9, "object_id": "11", "object_repr": "111", "action_flag": 3, "change_message": ""}}, {"model": "admin.logentry", "pk": 8, "fields": {"action_time": "2023-02-07T16:57:51.371Z", "user": 3, "content_type": 9, "object_id": "10", "object_repr": "S345", "action_flag": 3, "change_message": ""}}, {"model": "admin.logentry", "pk": 9, "fields": {"action_time": "2023-02-07T16:57:51.372Z", "user": 3, "content_type": 9, "object_id": "9", "object_repr": "S345", "action_flag": 3, "change_message": ""}}, {"model": "admin.logentry", "pk": 10, "fields": {"action_time": "2023-02-07T16:57:51.374Z", "user": 3, "content_type": 9, "object_id": "8", "object_repr": "S345", "action_flag": 3, "change_message": ""}}, {"model": "admin.logentry", "pk": 11, "fields": {"action_time": "2023-02-07T16:57:51.376Z", "user": 3, "content_type": 9, "object_id": "7", "object_repr": "S345", "action_flag": 3, "change_message": ""}}, {"model": "admin.logentry", "pk": 12, "fields": {"action_time": "2023-02-07T16:59:52.752Z", "user": 3, "content_type": 9, "object_id": "12", "object_repr": "111", "action_flag": 3, "change_message": ""}}, {"model": "admin.logentry", "pk": 13, "fields": {"action_time": "2023-02-07T17:07:01.602Z", "user": 3, "content_type": 9, "object_id": "16", "object_repr": "11111", "action_flag": 3, "change_message": ""}}, {"model": "admin.logentry", "pk": 14, "fields": {"action_time": "2023-02-07T17:07:01.605Z", "user": 3, "content_type": 9, "object_id": "15", "object_repr": "11111", "action_flag": 3, "change_message": ""}}, {"model": "admin.logentry", "pk": 15, "fields": {"action_time": "2023-02-07T17:07:01.607Z", "user": 3, "content_type": 9, "object_id": "14", "object_repr": "11111", "action_flag": 3, "change_message": ""}}, {"model": "admin.logentry", "pk": 16, "fields": {"action_time": "2023-02-07T17:07:01.609Z", "user": 3, "content_type": 9, "object_id": "13", "object_repr": "11111", "action_flag": 3, "change_message": ""}}, {"model": "admin.logentry", "pk": 17, "fields": {"action_time": "2023-02-07T17:07:34.889Z", "user": 3, "content_type": 9, "object_id": "17", "object_repr": "112532", "action_flag": 3, "change_message": ""}}, {"model": "admin.logentry", "pk": 18, "fields": {"action_time": "2023-02-07T17:08:38.126Z", "user": 3, "content_type": 9, "object_id": "18", "object_repr": "213213", "action_flag": 3, "change_message": ""}}, {"model": "admin.logentry", "pk": 19, "fields": {"action_time": "2023-02-11T17:00:49.044Z", "user": 3, "content_type": 12, "object_id": "1", "object_repr": "127.0.0.1", "action_flag": 2, "change_message": "[{\"changed\": {\"fields\": [\"Domain name\"]}}]"}}, {"model": "admin.logentry", "pk": 20, "fields": {"action_time": "2023-02-11T17:14:34.588Z", "user": 3, "content_type": 16, "object_id": "1", "object_repr": "Yandex", "action_flag": 1, "change_message": "[{\"added\": {}}]"}}, {"model": "admin.logentry", "pk": 21, "fields": {"action_time": "2023-02-11T17:16:06.672Z", "user": 3, "content_type": 4, "object_id": "5", "object_repr": "trotil3", "action_flag": 2, "change_message": "[{\"changed\": {\"fields\": [\"Staff status\", \"Superuser status\"]}}]"}}, {"model": "admin.logentry", "pk": 22, "fields": {"action_time": "2023-02-11T17:17:48.600Z", "user": 3, "content_type": 3, "object_id": "1", "object_repr": "common users", "action_flag": 1, "change_message": "[{\"added\": {}}]"}}, {"model": "admin.logentry", "pk": 23, "fields": {"action_time": "2023-02-11T17:18:05.420Z", "user": 3, "content_type": 3, "object_id": "2", "object_repr": "Writers", "action_flag": 1, "change_message": "[{\"added\": {}}]"}}, {"model": "admin.logentry", "pk": 24, "fields": {"action_time": "2023-02-11T17:18:56.592Z", "user": 3, "content_type": 4, "object_id": "2", "object_repr": "Alex", "action_flag": 2, "change_message": "[{\"changed\": {\"fields\": [\"Groups\"]}}]"}}, {"model": "admin.logentry", "pk": 25, "fields": {"action_time": "2023-02-11T17:30:18.861Z", "user": 3, "content_type": 4, "object_id": "2", "object_repr": "Alex", "action_flag": 2, "change_message": "[{\"changed\": {\"fields\": [\"User permissions\"]}}]"}}, {"model": "admin.logentry", "pk": 26, "fields": {"action_time": "2023-02-13T16:27:53.923Z", "user": 3, "content_type": 3, "object_id": "3", "object_repr": "authors", "action_flag": 1, "change_message": "[{\"added\": {}}]"}}, {"model": "admin.logentry", "pk": 27, "fields": {"action_time": "2023-02-13T16:28:12.461Z", "user": 3, "content_type": 4, "object_id": "1", "object_repr": "Ivan", "action_flag": 2, "change_message": "[{\"changed\": {\"fields\": [\"Groups\"]}}]"}}, {"model": "admin.logentry", "pk": 28, "fields": {"action_time": "2023-02-13T16:28:19.230Z", "user": 3, "content_type": 4, "object_id": "2", "object_repr": "Alex", "action_flag": 2, "change_message": "[{\"changed\": {\"fields\": [\"Groups\"]}}]"}}, {"model": "admin.logentry", "pk": 29, "fields": {"action_time": "2023-02-13T16:28:26.056Z", "user": 3, "content_type": 3, "object_id": "2", "object_repr": "Writers", "action_flag": 3, "change_message": ""}}, {"model": "admin.logentry", "pk": 30, "fields": {"action_time": "2023-02-13T16:28:41.518Z", "user": 3, "content_type": 4, "object_id": "5", "object_repr": "trotil3", "action_flag": 2, "change_message": "[{\"changed\": {\"fields\": [\"Groups\"]}}]"}}, {"model": "admin.logentry", "pk": 31, "fields": {"action_time": "2023-02-13T17:48:35.864Z", "user": 3, "content_type": 4, "object_id": "5", "object_repr": "trotil3", "action_flag": 3, "change_message": ""}}, {"model": "admin.logentry", "pk": 32, "fields": {"action_time": "2023-02-13T17:57:41.907Z", "user": 3, "content_type": 4, "object_id": "9", "object_repr": "c3pio89", "action_flag": 3, "change_message": ""}}, {"model": "admin.logentry", "pk": 33, "fields": {"action_time": "2023-02-13T17:59:56.164Z", "user": 3, "content_type": 4, "object_id": "10", "object_repr": "c3pio89", "action_flag": 3, "change_message": ""}}, {"model": "admin.logentry", "pk": 34, "fields": {"action_time": "2023-02-13T18:04:06.729Z", "user": 3, "content_type": 4, "object_id": "11", "object_repr": "c3pio89", "action_flag": 3, "change_message": ""}}, {"model": "admin.logentry", "pk": 35, "fields": {"action_time": "2023-02-14T18:15:18.110Z", "user": 3, "content_type": 4, "object_id": "12", "object_repr": "c3pio89", "action_flag": 3, "change_message": ""}}, {"model": "admin.logentry", "pk": 36, "fields": {"action_time": "2023-02-14T18:21:02.467Z", "user": 3, "content_type": 4, "object_id": "13", "object_repr": "c3pio89", "action_flag": 3, "change_message": ""}}, {"model": "admin.logentry", "pk": 37, "fields": {"action_time": "2023-02-14T18:26:06.549Z", "user": 3, "content_type": 4, "object_id": "14", "object_repr": "c3pio89", "action_flag": 3, "change_message": ""}}, {"model": "admin.logentry", "pk": 38, "fields": {"action_time": "2023-02-14T18:30:56.321Z", "user": 3, "content_type": 4, "object_id": "15", "object_repr": "c3pio89", "action_flag": 3, "change_message": ""}}, {"model": "admin.logentry", "pk": 39, "fields": {"action_time": "2023-02-14T18:32:12.633Z", "user": 3, "content_type": 4, "object_id": "16", "object_repr": "c3pio89", "action_flag": 3, "change_message": ""}}, {"model": "admin.logentry", "pk": 40, "fields": {"action_time": "2023-02-14T18:51:24.912Z", "user": 3, "content_type": 4, "object_id": "19", "object_repr": "admin", "action_flag": 3, "change_message": ""}}, {"model": "admin.logentry", "pk": 41, "fields": {"action_time": "2023-02-14T18:51:24.914Z", "user": 3, "content_type": 4, "object_id": "18", "object_repr": "test", "action_flag": 3, "change_message": ""}}, {"model": "admin.logentry", "pk": 42, "fields": {"action_time": "2023-02-14T18:51:24.915Z", "user": 3, "content_type": 4, "object_id": "20", "object_repr": "test1", "action_flag": 3, "change_message": ""}}, {"model": "admin.logentry", "pk": 43, "fields": {"action_time": "2023-02-14T19:14:36.738Z", "user": 3, "content_type": 4, "object_id": "17", "object_repr": "c3pio89", "action_flag": 3, "change_message": ""}}, {"model": "admin.logentry", "pk": 44, "fields": {"action_time": "2023-02-14T19:14:36.740Z", "user": 3, "content_type": 4, "object_id": "22", "object_repr": "test", "action_flag": 3, "change_message": ""}}, {"model": "admin.logentry", "pk": 45, "fields": {"action_time": "2023-02-14T19:14:36.741Z", "user": 3, "content_type": 4, "object_id": "23", "object_repr": "test1", "action_flag": 3, "change_message": ""}}, {"model": "admin.logentry", "pk": 46, "fields": {"action_time": "2023-02-14T19:14:36.743Z", "user": 3, "content_type": 4, "object_id": "24", "object_repr": "test2", "action_flag": 3, "change_message": ""}}, {"model": "admin.logentry", "pk": 47, "fields": {"action_time": "2023-02-14T19:14:36.744Z", "user": 3, "content_type": 4, "object_id": "25", "object_repr": "test3", "action_flag": 3, "change_message": ""}}, {"model": "admin.logentry", "pk": 48, "fields": {"action_time": "2023-02-14T19:14:36.745Z", "user": 3, "content_type": 4, "object_id": "26", "object_repr": "test4", "action_flag": 3, "change_message": ""}}, {"model": "admin.logentry", "pk": 49, "fields": {"action_time": "2023-02-14T19:14:36.747Z", "user": 3, "content_type": 4, "object_id": "27", "object_repr": "test5", "action_flag": 3, "change_message": ""}}, {"model": "admin.logentry", "pk": 50, "fields": {"action_time": "2023-02-14T19:14:36.748Z", "user": 3, "content_type": 4, "object_id": "28", "object_repr": "test6", "action_flag": 3, "change_message": ""}}, {"model": "admin.logentry", "pk": 51, "fields": {"action_time": "2023-02-14T19:14:36.749Z", "user": 3, "content_type": 4, "object_id": "29", "object_repr": "test7", "action_flag": 3, "change_message": ""}}, {"model": "admin.logentry", "pk": 52, "fields": {"action_time": "2023-02-14T19:14:57.745Z", "user": 3, "content_type": 4, "object_id": "8", "object_repr": "trotil3", "action_flag": 2, "change_message": "[{\"changed\": {\"fields\": [\"Staff status\"]}}]"}}, {"model": "admin.logentry", "pk": 53, "fields": {"action_time": "2023-02-14T19:26:19.594Z", "user": 3, "content_type": 4, "object_id": "30", "object_repr": "c3pio89", "action_flag": 3, "change_message": ""}}, {"model": "admin.logentry", "pk": 54, "fields": {"action_time": "2023-02-16T16:43:39.306Z", "user": 3, "content_type": 4, "object_id": "31", "object_repr": "c3pio89", "action_flag": 3, "change_message": ""}}, {"model": "admin.logentry", "pk": 55, "fields": {"action_time": "2023-02-16T17:01:35.651Z", "user": 3, "content_type": 4, "object_id": "32", "object_repr": "c3pio89", "action_flag": 3, "change_message": ""}}, {"model": "admin.logentry", "pk": 56, "fields": {"action_time": "2023-02-16T17:09:37.669Z", "user": 3, "content_type": 12, "object_id": "1", "object_repr": "127.0.0.1", "action_flag": 2, "change_message": "[{\"changed\": {\"fields\": [\"Display name\"]}}]"}}, {"model": "admin.logentry", "pk": 57, "fields": {"action_time": "2023-02-16T17:10:38.210Z", "user": 3, "content_type": 4, "object_id": "21", "object_repr": "admin", "action_flag": 3, "change_message": ""}}, {"model": "admin.logentry", "pk": 58, "fields": {"action_time": "2023-02-16T17:10:38.212Z", "user": 3, "content_type": 4, "object_id": "6", "object_repr": "new_user", "action_flag": 3, "change_message": ""}}, {"model": "admin.logentry", "pk": 59, "fields": {"action_time": "2023-02-16T17:10:38.213Z", "user": 3, "content_type": 4, "object_id": "7", "object_repr": "qqq", "action_flag": 3, "change_message": ""}}, {"model": "admin.logentry", "pk": 60, "fields": {"action_time": "2023-02-16T17:10:48.678Z", "user": 3, "content_type": 4, "object_id": "33", "object_repr": "c3pio89", "action_flag": 3, "change_message": ""}}, {"model": "admin.logentry", "pk": 61, "fields": {"action_time": "2023-02-16T17:28:33.424Z", "user": 3, "content_type": 4, "object_id": "34", "object_repr": "c3pio89", "action_flag": 3, "change_message": ""}}, {"model": "admin.logentry", "pk": 62, "fields": {"action_time": "2023-02-16T17:30:11.113Z", "user": 3, "content_type": 4, "object_id": "35", "object_repr": "c3pio89", "action_flag": 3, "change_message": ""}}, {"model": "admin.logentry", "pk": 63, "fields": {"action_time": "2023-02-16T17:49:49.881Z", "user": 3, "content_type": 4, "object_id": "36", "object_repr": "c3pio89", "action_flag": 3, "change_message": ""}}, {"model": "admin.logentry", "pk": 64, "fields": {"action_time": "2023-02-17T18:05:02.493Z", "user": 3, "content_type": 4, "object_id": "37", "object_repr": "c3pio89", "action_flag": 3, "change_message": ""}}, {"model": "admin.logentry", "pk": 65, "fields": {"action_time": "2023-02-17T18:10:12.723Z", "user": 3, "content_type": 4, "object_id": "38", "object_repr": "c3pio89", "action_flag": 3, "change_message": ""}}, {"model": "admin.logentry", "pk": 66, "fields": {"action_time": "2023-02-17T18:15:44.262Z", "user": 3, "content_type": 4, "object_id": "39", "object_repr": "c3pio89", "action_flag": 3, "change_message": ""}}, {"model": "admin.logentry", "pk": 67, "fields": {"action_time": "2023-02-17T18:20:21.636Z", "user": 3, "content_type": 4, "object_id": "40", "object_repr": "c3pio89", "action_flag": 3, "change_message": ""}}, {"model": "admin.logentry", "pk": 68, "fields": {"action_time": "2023-02-17T18:25:43.995Z", "user": 3, "content_type": 4, "object_id": "3", "object_repr": "AngryMedic", "action_flag": 2, "change_message": "[{\"changed\": {\"fields\": [\"First name\", \"Last name\", \"Email address\"]}}]"}}, {"model": "admin.logentry", "pk": 69, "fields": {"action_time": "2023-02-17T18:27:53.812Z", "user": 3, "content_type": 3, "object_id": "4", "object_repr": "Admin", "action_flag": 1, "change_message": "[{\"added\": {}}]"}}, {"model": "admin.logentry", "pk": 70, "fields": {"action_time": "2023-02-17T18:28:35.666Z", "user": 3, "content_type": 4, "object_id": "3", "object_repr": "AngryMedic", "action_flag": 2, "change_message": "[{\"changed\": {\"fields\": [\"Groups\"]}}]"}}, {"model": "admin.logentry", "pk": 71, "fields": {"action_time": "2023-02-17T18:45:09.204Z", "user": 3, "content_type": 4, "object_id": "41", "object_repr": "c3pio89", "action_flag": 3, "change_message": ""}}, {"model": "admin.logentry", "pk": 72, "fields": {"action_time": "2023-02-17T18:51:18.731Z", "user": 3, "content_type": 4, "object_id": "42", "object_repr": "c3pio89", "action_flag": 3, "change_message": ""}}, {"model": "admin.logentry", "pk": 73, "fields": {"action_time": "2023-02-17T18:53:13.029Z", "user": 3, "content_type": 4, "object_id": "43", "object_repr": "c3pio89", "action_flag": 3, "change_message": ""}}, {"model": "admin.logentry", "pk": 74, "fields": {"action_time": "2023-02-17T18:54:37.527Z", "user": 3, "content_type": 4, "object_id": "44", "object_repr": "c3pio89", "action_flag": 3, "change_message": ""}}, {"model": "admin.logentry", "pk": 75, "fields": {"action_time": "2023-02-17T18:59:11.329Z", "user": 3, "content_type": 4, "object_id": "45", "object_repr": "c3pio89", "action_flag": 3, "change_message": ""}}, {"model": "admin.logentry", "pk": 76, "fields": {"action_time": "2023-02-17T20:21:08.931Z", "user": 3, "content_type": 9, "object_id": "19", "object_repr": "Мир в Огне", "action_flag": 1, "change_message": "[{\"added\": {}}]"}}, {"model": "admin.logentry", "pk": 77, "fields": {"action_time": "2023-02-17T20:31:57.030Z", "user": 3, "content_type": 9, "object_id": "20", "object_repr": "qqq", "action_flag": 1, "change_message": "[{\"added\": {}}]"}}, {"model": "admin.logentry", "pk": 78, "fields": {"action_time": "2023-02-17T20:32:49.777Z", "user": 3, "content_type": 9, "object_id": "20", "object_repr": "qqq", "action_flag": 3, "change_message": ""}}, {"model": "admin.logentry", "pk": 79, "fields": {"action_time": "2023-02-17T20:33:00.625Z", "user": 3, "content_type": 9, "object_id": "21", "object_repr": "111", "action_flag": 1, "change_message": "[{\"added\": {}}]"}}, {"model": "admin.logentry", "pk": 80, "fields": {"action_time": "2023-02-17T20:34:01.503Z", "user": 3, "content_type": 9, "object_id": "21", "object_repr": "111", "action_flag": 3, "change_message": ""}}, {"model": "admin.logentry", "pk": 81, "fields": {"action_time": "2023-02-17T20:34:10.839Z", "user": 3, "content_type": 9, "object_id": "22", "object_repr": "1234", "action_flag": 1, "change_message": "[{\"added\": {}}]"}}, {"model": "admin.logentry", "pk": 82, "fields": {"action_time": "2023-02-17T20:37:00.994Z", "user": 3, "content_type": 9, "object_id": "23", "object_repr": "12312312412", "action_flag": 1, "change_message": "[{\"added\": {}}]"}}, {"model": "admin.logentry", "pk": 83, "fields": {"action_time": "2023-02-17T20:38:29.204Z", "user": 3, "content_type": 9, "object_id": "23", "object_repr": "12312312412", "action_flag": 3, "change_message": ""}}, {"model": "admin.logentry", "pk": 84, "fields": {"action_time": "2023-02-17T20:38:29.207Z", "user": 3, "content_type": 9, "object_id": "22", "object_repr": "1234", "action_flag": 3, "change_message": ""}}, {"model": "admin.logentry", "pk": 85, "fields": {"action_time": "2023-02-17T20:38:39.140Z", "user": 3, "content_type": 9, "object_id": "24", "object_repr": "123141412", "action_flag": 1, "change_message": "[{\"added\": {}}]"}}, {"model": "admin.logentry", "pk": 86, "fields": {"action_time": "2023-02-17T20:40:06.837Z", "user": 3, "content_type": 9, "object_id": "24", "object_repr": "123141412", "action_flag": 3, "change_message": ""}}, {"model": "admin.logentry", "pk": 87, "fields": {"action_time": "2023-02-17T20:40:16.391Z", "user": 3, "content_type": 9, "object_id": "25", "object_repr": "213131", "action_flag": 1, "change_message": "[{\"added\": {}}]"}}, {"model": "admin.logentry", "pk": 88, "fields": {"action_time": "2023-02-17T20:45:33.694Z", "user": 3, "content_type": 9, "object_id": "26", "object_repr": "213141", "action_flag": 1, "change_message": "[{\"added\": {}}]"}}, {"model": "admin.logentry", "pk": 89, "fields": {"action_time": "2023-02-17T20:47:03.023Z", "user": 3, "content_type": 9, "object_id": "26", "object_repr": "213141", "action_flag": 3, "change_message": ""}}, {"model": "admin.logentry", "pk": 90, "fields": {"action_time": "2023-02-17T20:47:03.026Z", "user": 3, "content_type": 9, "object_id": "25", "object_repr": "213131", "action_flag": 3, "change_message": ""}}, {"model": "admin.logentry", "pk": 91, "fields": {"action_time": "2023-02-17T20:47:09.989Z", "user": 3, "content_type": 9, "object_id": "27", "object_repr": "213", "action_flag": 1, "change_message": "[{\"added\": {}}]"}}, {"model": "admin.logentry", "pk": 92, "fields": {"action_time": "2023-02-17T20:48:19.160Z", "user": 3, "content_type": 9, "object_id": "28", "object_repr": "123123123", "action_flag": 1, "change_message": "[{\"added\": {}}]"}}, {"model": "admin.logentry", "pk": 93, "fields": {"action_time": "2023-02-17T20:57:38.631Z", "user": 3, "content_type": 9, "object_id": "30", "object_repr": "FAMKL", "action_flag": 1, "change_message": "[{\"added\": {}}]"}}, {"model": "admin.logentry", "pk": 94, "fields": {"action_time": "2023-02-17T20:58:46.815Z", "user": 3, "content_type": 9, "object_id": "31", "object_repr": "2131231", "action_flag": 1, "change_message": "[{\"added\": {}}]"}}, {"model": "admin.logentry", "pk": 95, "fields": {"action_time": "2023-02-21T19:55:22.113Z", "user": 3, "content_type": 9, "object_id": "34", "object_repr": "221312312", "action_flag": 3, "change_message": ""}}, {"model": "admin.logentry", "pk": 96, "fields": {"action_time": "2023-02-21T19:55:22.118Z", "user": 3, "content_type": 9, "object_id": "33", "object_repr": "121212", "action_flag": 3, "change_message": ""}}, {"model": "admin.logentry", "pk": 97, "fields": {"action_time": "2023-02-21T19:55:22.121Z", "user": 3, "content_type": 9, "object_id": "32", "object_repr": "121212", "action_flag": 3, "change_message": ""}}, {"model": "admin.logentry", "pk": 98, "fields": {"action_time": "2023-02-21T19:55:22.124Z", "user": 3, "content_type": 9, "object_id": "31", "object_repr": "2131231", "action_flag": 3, "change_message": ""}}, {"model": "admin.logentry", "pk": 99, "fields": {"action_time": "2023-02-21T19:55:22.126Z", "user": 3, "content_type": 9, "object_id": "30", "object_repr": "FAMKL", "action_flag": 3, "change_message": ""}}, {"model": "admin.logentry", "pk": 100, "fields": {"action_time": "2023-02-21T20:27:37.693Z", "user": 3, "content_type": 9, "object_id": "35", "object_repr": "dadadasdasd", "action_flag": 3, "change_message": ""}}, {"model": "admin.logentry", "pk": 101, "fields": {"action_time": "2023-02-21T20:27:37.697Z", "user": 3, "content_type": 9, "object_id": "29", "object_repr": "Telefon", "action_flag": 3, "change_message": ""}}, {"model": "admin.logentry", "pk": 102, "fields": {"action_time": "2023-02-21T20:27:37.699Z", "user": 3, "content_type": 9, "object_id": "28", "object_repr": "123123123", "action_flag": 3, "change_message": ""}}, {"model": "admin.logentry", "pk": 103, "fields": {"action_time": "2023-02-21T20:27:37.701Z", "user": 3, "content_type": 9, "object_id": "27", "object_repr": "213", "action_flag": 3, "change_message": ""}}, {"model": "admin.logentry", "pk": 104, "fields": {"action_time": "2023-02-28T20:11:10.955Z", "user": 3, "content_type": 9, "object_id": "39", "object_repr": "12312313", "action_flag": 3, "change_message": ""}}, {"model": "admin.logentry", "pk": 105, "fields": {"action_time": "2023-02-28T20:11:10.957Z", "user": 3, "content_type": 9, "object_id": "36", "object_repr": "213123MKLML", "action_flag": 3, "change_message": ""}}, {"model": "auth.permission", "pk": 1, "fields": {"name": "Can add log entry", "content_type": 1, "codename": "add_logentry"}}, {"model": "auth.permission", "pk": 2, "fields": {"name": "Can change log entry", "content_type": 1, "codename": "change_logentry"}}, {"model": "auth.permission", "pk": 3, "fields": {"name": "Can delete log entry", "content_type": 1, "codename": "delete_logentry"}}, {"model": "auth.permission", "pk": 4, "fields": {"name": "Can view log entry", "content_type": 1, "codename": "view_logentry"}}, {"model": "auth.permission", "pk": 5, "fields": {"name": "Can add permission", "content_type": 2, "codename": "add_permission"}}, {"model": "auth.permission", "pk": 6, "fields": {"name": "Can change permission", "content_type": 2, "codename": "change_permission"}}, {"model": "auth.permission", "pk": 7, "fields": {"name": "Can delete permission", "content_type": 2, "codename": "delete_permission"}}, {"model": "auth.permission", "pk": 8, "fields": {"name": "Can view permission", "content_type": 2, "codename": "view_permission"}}, {"model": "auth.permission", "pk": 9, "fields": {"name": "Can add group", "content_type": 3, "codename": "add_group"}}, {"model": "auth.permission", "pk": 10, "fields": {"name": "Can change group", "content_type": 3, "codename": "change_group"}}, {"model": "auth.permission", "pk": 11, "fields": {"name": "Can delete group", "content_type": 3, "codename": "delete_group"}}, {"model": "auth.permission", "pk": 12, "fields": {"name": "Can view group", "content_type": 3, "codename": "view_group"}}, {"model": "auth.permission", "pk": 13, "fields": {"name": "Can add user", "content_type": 4, "codename": "add_user"}}, {"model": "auth.permission", "pk": 14, "fields": {"name": "Can change user", "content_type": 4, "codename": "change_user"}}, {"model": "auth.permission", "pk": 15, "fields": {"name": "Can delete user", "content_type": 4, "codename": "delete_user"}}, {"model": "auth.permission", "pk": 16, "fields": {"name": "Can view user", "content_type": 4, "codename": "view_user"}}, {"model": "auth.permission", "pk": 17, "fields": {"name": "Can add content type", "content_type": 5, "codename": "add_contenttype"}}, {"model": "auth.permission", "pk": 18, "fields": {"name": "Can change content type", "content_type": 5, "codename": "change_contenttype"}}, {"model": "auth.permission", "pk": 19, "fields": {"name": "Can delete content type", "content_type": 5, "codename": "delete_contenttype"}}, {"model": "auth.permission", "pk": 20, "fields": {"name": "Can view content type", "content_type": 5, "codename": "view_contenttype"}}, {"model": "auth.permission", "pk": 21, "fields": {"name": "Can add session", "content_type": 6, "codename": "add_session"}}, {"model": "auth.permission", "pk": 22, "fields": {"name": "Can change session", "content_type": 6, "codename": "change_session"}}, {"model": "auth.permission", "pk": 23, "fields": {"name": "Can delete session", "content_type": 6, "codename": "delete_session"}}, {"model": "auth.permission", "pk": 24, "fields": {"name": "Can view session", "content_type": 6, "codename": "view_session"}}, {"model": "auth.permission", "pk": 25, "fields": {"name": "Can add author", "content_type": 7, "codename": "add_author"}}, {"model": "auth.permission", "pk": 26, "fields": {"name": "Can change author", "content_type": 7, "codename": "change_author"}}, {"model": "auth.permission", "pk": 27, "fields": {"name": "Can delete author", "content_type": 7, "codename": "delete_author"}}, {"model": "auth.permission", "pk": 28, "fields": {"name": "Can view author", "content_type": 7, "codename": "view_author"}}, {"model": "auth.permission", "pk": 29, "fields": {"name": "Can add category", "content_type": 8, "codename": "add_category"}}, {"model": "auth.permission", "pk": 30, "fields": {"name": "Can change category", "content_type": 8, "codename": "change_category"}}, {"model": "auth.permission", "pk": 31, "fields": {"name": "Can delete category", "content_type": 8, "codename": "delete_category"}}, {"model": "auth.permission", "pk": 32, "fields": {"name": "Can view category", "content_type": 8, "codename": "view_category"}}, {"model": "auth.permission", "pk": 33, "fields": {"name": "Can add post", "content_type": 9, "codename": "add_post"}}, {"model": "auth.permission", "pk": 34, "fields": {"name": "Can change post", "content_type": 9, "codename": "change_post"}}, {"model": "auth.permission", "pk": 35, "fields": {"name": "Can delete post", "content_type": 9, "codename": "delete_post"}}, {"model": "auth.permission", "pk": 36, "fields": {"name": "Can view post", "content_type": 9, "codename": "view_post"}}, {"model": "auth.permission", "pk": 37, "fields": {"name": "Can add post category", "content_type": 10, "codename": "add_postcategory"}}, {"model": "auth.permission", "pk": 38, "fields": {"name": "Can change post category", "content_type": 10, "codename": "change_postcategory"}}, {"model": "auth.permission", "pk": 39, "fields": {"name": "Can delete post category", "content_type": 10, "codename": "delete_postcategory"}}, {"model": "auth.permission", "pk": 40, "fields": {"name": "Can view post category", "content_type": 10, "codename": "view_postcategory"}}, {"model": "auth.permission", "pk": 41, "fields": {"name": "Can add comment", "content_type": 11, "codename": "add_comment"}}, {"model": "auth.permission", "pk": 42, "fields": {"name": "Can change comment", "content_type": 11, "codename": "change_comment"}}, {"model": "auth.permission", "pk": 43, "fields": {"name": "Can delete comment", "content_type": 11, "codename": "delete_comment"}}, {"model": "auth.permission", "pk": 44, "fields": {"name": "Can view comment", "content_type": 11, "codename": "view_comment"}}, {"model": "auth.permission", "pk": 45, "fields": {"name": "Can add site", "content_type": 12, "codename": "add_site"}}, {"model": "auth.permission", "pk": 46, "fields": {"name": "Can change site", "content_type": 12, "codename": "change_site"}}, {"model": "auth.permission", "pk": 47, "fields": {"name": "Can delete site", "content_type": 12, "codename": "delete_site"}}, {"model": "auth.permission", "pk": 48, "fields": {"name": "Can view site", "content_type": 12, "codename": "view_site"}}, {"model": "auth.permission", "pk": 49, "fields": {"name": "Can add email address", "content_type": 13, "codename": "add_emailaddress"}}, {"model": "auth.permission", "pk": 50, "fields": {"name": "Can change email address", "content_type": 13, "codename": "change_emailaddress"}}, {"model": "auth.permission", "pk": 51, "fields": {"name": "Can delete email address", "content_type": 13, "codename": "delete_emailaddress"}}, {"model": "auth.permission", "pk": 52, "fields": {"name": "Can view email address", "content_type": 13, "codename": "view_emailaddress"}}, {"model": "auth.permission", "pk": 53, "fields": {"name": "Can add email confirmation", "content_type": 14, "codename": "add_emailconfirmation"}}, {"model": "auth.permission", "pk": 54, "fields": {"name": "Can change email confirmation", "content_type": 14, "codename": "change_emailconfirmation"}}, {"model": "auth.permission", "pk": 55, "fields": {"name": "Can delete email confirmation", "content_type": 14, "codename": "delete_emailconfirmation"}}, {"model": "auth.permission", "pk": 56, "fields": {"name": "Can view email confirmation", "content_type": 14, "codename": "view_emailconfirmation"}}, {"model": "auth.permission", "pk": 57, "fields": {"name": "Can add social account", "content_type": 15, "codename": "add_socialaccount"}}, {"model": "auth.permission", "pk": 58, "fields": {"name": "Can change social account", "content_type": 15, "codename": "change_socialaccount"}}, {"model": "auth.permission", "pk": 59, "fields": {"name": "Can delete social account", "content_type": 15, "codename": "delete_socialaccount"}}, {"model": "auth.permission", "pk": 60, "fields": {"name": "Can view social account", "content_type": 15, "codename": "view_socialaccount"}}, {"model": "auth.permission", "pk": 61, "fields": {"name": "Can add social application", "content_type": 16, "codename": "add_socialapp"}}, {"model": "auth.permission", "pk": 62, "fields": {"name": "Can change social application", "content_type": 16, "codename": "change_socialapp"}}, {"model": "auth.permission", "pk": 63, "fields": {"name": "Can delete social application", "content_type": 16, "codename": "delete_socialapp"}}, {"model": "auth.permission", "pk": 64, "fields": {"name": "Can view social application", "content_type": 16, "codename": "view_socialapp"}}, {"model": "auth.permission", "pk": 65, "fields": {"name": "Can add social application token", "content_type": 17, "codename": "add_socialtoken"}}, {"model": "auth.permission", "pk": 66, "fields": {"name": "Can change social application token", "content_type": 17, "codename": "change_socialtoken"}}, {"model": "auth.permission", "pk": 67, "fields": {"name": "Can delete social application token", "content_type": 17, "codename": "delete_socialtoken"}}, {"model": "auth.permission", "pk": 68, "fields": {"name": "Can view social application token", "content_type": 17, "codename": "view_socialtoken"}}, {"model": "auth.permission", "pk": 69, "fields": {"name": "Can add subscription", "content_type": 18, "codename": "add_subscription"}}, {"model": "auth.permission", "pk": 70, "fields": {"name": "Can change subscription", "content_type": 18, "codename": "change_subscription"}}, {"model": "auth.permission", "pk": 71, "fields": {"name": "Can delete subscription", "content_type": 18, "codename": "delete_subscription"}}, {"model": "auth.permission", "pk": 72, "fields": {"name": "Can view subscription", "content_type": 18, "codename": "view_subscription"}}, {"model": "auth.permission", "pk": 73, "fields": {"name": "Can add subscriber", "content_type": 19, "codename": "add_subscriber"}}, {"model": "auth.permission", "pk": 74, "fields": {"name": "Can change subscriber", "content_type": 19, "codename": "change_subscriber"}}, {"model": "auth.permission", "pk": 75, "fields": {"name": "Can delete subscriber", "content_type": 19, "codename": "delete_subscriber"}}, {"model": "auth.permission", "pk": 76, "fields": {"name": "Can view subscriber", "content_type": 19, "codename": "view_subscriber"}}, {"model": "auth.permission", "pk": 77, "fields": {"name": "Can add django job", "content_type": 20, "codename": "add_djangojob"}}, {"model": "auth.permission", "pk": 78, "fields": {"name": "Can change django job", "content_type": 20, "codename": "change_djangojob"}}, {"model": "auth.permission", "pk": 79, "fields": {"name": "Can delete django job", "content_type": 20, "codename": "delete_djangojob"}}, {"model": "auth.permission", "pk": 80, "fields": {"name": "Can view django job", "content_type": 20, "codename": "view_djangojob"}}, {"model": "auth.permission", "pk": 81, "fields": {"name": "Can add django job execution", "content_type": 21, "codename": "add_djangojobexecution"}}, {"model": "auth.permission", "pk": 82, "fields": {"name": "Can change django job execution", "content_type": 21, "codename": "change_djangojobexecution"}}, {"model": "auth.permission", "pk": 83, "fields": {"name": "Can delete django job execution", "content_type": 21, "codename": "delete_djangojobexecution"}}, {"model": "auth.permission", "pk": 84, "fields": {"name": "Can view django job execution", "content_type": 21, "codename": "view_djangojobexecution"}}, {"model": "auth.group", "pk": 1, "fields": {"name": "common users", "permissions": []}}, {"model": "auth.group", "pk": 3, "fields": {"name": "authors", "permissions": [29, 30, 31, 33, 34, 35]}}, {"model": "auth.group", "pk": 4, "fields": {"name": "Admin", "permissions": [49, 50, 51, 52, 53, 54, 55, 56, 1, 2, 3, 4, 9, 10, 11, 12, 5, 6, 7, 8, 13, 14, 15, 16, 17, 18, 19, 20, 25, 26, 27, 28, 29, 30, 31, 32, 41, 42, 43, 44, 33, 34, 35, 36, 37, 38, 39, 40, 21, 22, 23, 24, 45, 46, 47, 48, 57, 58, 59, 60, 61, 62, 63, 64, 65, 66, 67, 68]}}, {"model": "auth.user", "pk": 1, "fields": {"password": "!qzMHw0MRZUEB4kmIC2xeieL6QfcAAYnLlr4tUN1t", "last_login": null, "is_superuser": false, "username": "Ivan", "first_name": "", "last_name": "", "email": "", "is_staff": false, "is_active": true, "date_joined": "2023-01-25T18:21:41Z", "groups": [3], "user_permissions": []}}, {"model": "auth.user", "pk": 2, "fields": {"password": "!WAEODhppDCqZYls3ey2NkTPXPd9qIwIej7tX2Lad", "last_login": null, "is_superuser": false, "username": "Alex", "first_name": "", "last_name": "", "email": "", "is_staff": false, "is_active": true, "date_joined": "2023-01-25T18:21:56Z", "groups": [3], "user_permissions": [33, 34, 35, 37]}}, {"model": "auth.user", "pk": 3, "fields": {"password": "pbkdf2_sha256$390000$dAVQwISqrtfDpv4vblUJoS$87SQh8+gxT1v4L3//2vZAUtGgoOmAe/je+FsePa4VfM=", "last_login": "2023-02-28T20:10:26.736Z", "is_superuser": true, "username": "AngryMedic", "first_name": "Taras", "last_name": "Zinchenko", "email": "tarascroatia89@gmail.com", "is_staff": true, "is_active": true, "date_joined": "2023-01-28T14:33:41Z", "groups": [4], "user_permissions": []}}, {"model": "auth.user", "pk": 4, "fields": {"password": "pbkdf2_sha256$390000$k6mkIO8aYEgyA2Ogg0vcPO$L4En2vUXw+SPJpu8gzzQMhLC8GNPFxumt6ImdCpcv9g=", "last_login": "2023-02-11T16:48:47.333Z", "is_superuser": false, "username": "Bambik", "first_name": "Игорь", "last_name": "Игорь", "email": "Igor@mail.ru", "is_staff": false, "is_active": true, "date_joined": "2023-02-11T16:48:31.024Z", "groups": [], "user_permissions": []}}, {"model": "auth.user", "pk": 8, "fields": {"password": "!mHKZzSWQSM6i7ZSJ5DUJLiwW8tyFcz9PDh7w5UoF", "last_login": "2023-02-17T18:35:13.400Z", "is_superuser": false, "username": "trotil3", "first_name": "Тарас", "last_name": "Зинченко", "email": "TROTIL3@yandex.ru", "is_staff": true, "is_active": true, "date_joined": "2023-02-13T17:48:52Z", "groups": [], "user_permissions": []}}, {"model": "auth.user", "pk": 46, "fields": {"password": "pbkdf2_sha256$390000$DPy8icNjD4DlgmqvF2MIJ1$pyU3Dm8/0tnvTh5EsLN2+zNv82d8dw8RQ3WjBMhN3rU=", "last_login": "2023-02-21T20:49:50.248Z", "is_superuser": false, "username": "c3pio89", "first_name": "", "last_name": "", "email": "c3pio89@gmail.com", "is_staff": false, "is_active": true, "date_joined": "2023-02-17T19:46:39.519Z", "groups": [1], "user_permissions": []}}, {"model": "contenttypes.contenttype", "pk": 1, "fields": {"app_label": "admin", "model": "logentry"}}, {"model": "contenttypes.contenttype", "pk": 2, "fields": {"app_label": "auth", "model": "permission"}}, {"model": "contenttypes.contenttype", "pk": 3, "fields": {"app_label": "auth", "model": "group"}}, {"model": "contenttypes.contenttype", "pk": 4, "fields": {"app_label": "auth", "model": "user"}}, {"model": "contenttypes.contenttype", "pk": 5, "fields": {"app_label": "contenttypes", "model": "contenttype"}}, {"model": "contenttypes.contenttype", "pk": 6, "fields": {"app_label": "sessions", "model": "session"}}, {"model": "contenttypes.contenttype", "pk": 7, "fields": {"app_label": "news", "model": "author"}}, {"model": "contenttypes.contenttype", "pk": 8, "fields": {"app_label": "news", "model": "category"}}, {"model": "contenttypes.contenttype", "pk": 9, "fields": {"app_label": "news", "model": "post"}}, {"model": "contenttypes.contenttype", "pk": 10, "fields": {"app_label": "news", "model": "postcategory"}}, {"model": "contenttypes.contenttype", "pk": 11, "fields": {"app_label": "news", "model": "comment"}}, {"model": "contenttypes.contenttype", "pk": 12, "fields": {"app_label": "sites", "model": "site"}}, {"model": "contenttypes.contenttype", "pk": 13, "fields": {"app_label": "account", "model": "emailaddress"}}, {"model": "contenttypes.contenttype", "pk": 14, "fields": {"app_label": "account", "model": "emailconfirmation"}}, {"model": "contenttypes.contenttype", "pk": 15, "fields": {"app_label": "socialaccount", "model": "socialaccount"}}, {"model": "contenttypes.contenttype", "pk": 16, "fields": {"app_label": "socialaccount", "model": "socialapp"}}, {"model": "contenttypes.contenttype", "pk": 17, "fields": {"app_label": "socialaccount", "model": "socialtoken"}}, {"model": "contenttypes.contenttype", "pk": 18, "fields": {"app_label": "news", "model": "subscription"}}, {"model": "contenttypes.contenttype", "pk": 19, "fields": {"app_label": "news", "model": "subscriber"}}, {"model": "contenttypes.contenttype", "pk": 20, "fields": {"app_label": "django_apscheduler", "model": "djangojob"}}, {"model": "contenttypes.contenttype", "pk": 21, "fields": {"app_label": "django_apscheduler", "model": "djangojobexecution"}}, {"model": "sessions.session", "pk": "a3d3fkiondyum3by2wbrtidip53mrnos", "fields": {"session_data": ".eJxVjUsOwiAQhu_C2jRMKSDd6UXIMExSYkNNoYnGeHeL6UKX__N7CY9bnfxWePUpilEocfr1AtKNcwtwnpvdIdGy5dp9O0dcusuuONdEWNOSr8fq72rCMjUAkAZw0URgkkEZQ3qQkQIGMHYAqRQH62yv5RlQGemg12EYomKLvXTttHApO8bz457Wpxjl-wOK80Jy:1pUalo:4ltiQdo8YYosewfrYzXAhO_jSYGjoq1qI1itcOz2li4", "expire_date": "2023-03-07T22:05:56.535Z"}}, {"model": "sessions.session", "pk": "fdb2uz2sr4e43rogv2zcuansmcwcuvac", "fields": {"session_data": ".eJxVjLsOAiEQAP-F2hCWp1ja-w1klyVyaiA57irjvxuSK7SdmcxbJNy3mvZR1rSwuAgjTr-MMD9Lm4If2O5d5t62dSE5E3nYIW-dy-t6tH-DiqPOLWQHENkzlKzIeJ-dVZwJCXywoIwpFGLQTp0BjVcRtCNr2ZSAWkXx-QLIaTbB:1pLmHk:RRbGw6d9rOpzNEwe2JvTMI7g3JCxHVXw6RllVF93cpw", "expire_date": "2023-02-11T14:34:28.788Z"}}, {"model": "sessions.session", "pk": "v6o0xdu2ekkinjdu07xm5h5vzsh6wfvo", "fields": {"session_data": ".eJxVjUkOAiEQRe_C2hCKUdzpRUhRkEDs0InAynh3xfRCl__96ckCzlHC7PkRamIXptjpl0Wke27LwG1bmCPRPtvg38xhd379qNxGJRx1b7ej9TdVsJd1AGQAfLIJMomorCWjRaKIEazTIJTK0XknjTgDKis8SBO1Tio7lMKz1xugeTs1:1pX5LE:jHxRZyJj5w2LKw2SJ3-5N8XXDHjsgw5xpx10Dl-RjnU", "expire_date": "2023-03-14T19:08:48.775Z"}}, {"model": "sites.site", "pk": 1, "fields": {"domain": "127.0.0.1", "name": "AngryMedic NewsPortal"}}, {"model": "news.author", "pk": 1, "fields": {"authorUser": 1, "ratingAuthor": 8}}, {"model": "news.author", "pk": 2, "fields": {"authorUser": 2, "ratingAuthor": -2}}, {"model": "news.category", "pk": 1, "fields": {"name": "Games"}}, {"model": "news.category", "pk": 2, "fields": {"name": "InternationalNews"}}, {"model": "news.category", "pk": 3, "fields": {"name": "HighTech"}}, {"model": "news.category", "pk": 4, "fields": {"name": "Python"}}, {"model": "news.post", "pk": 2, "fields": {"author": 1, "categoryType": "NW", "dateCreation": "2023-01-25T18:23:23.247Z", "title": "Время уходит", "text": "Человечество тратит драгоценные ресурсы в пустую, вместо использования их в развитии технологий и поиска будущего для следующих поколений", "rating": 2}}, {"model": "news.post", "pk": 3, "fields": {"author": 2, "categoryType": "AR", "dateCreation": "2023-01-25T18:23:41.522Z", "title": "Вирусам-нет", "text": "Президент Индонезии Джоко Видодо объявил об отмене всех ограничений общественной деятельности, введенных в стране ранее из-за пандемии COVID-19", "rating": -1}}, {"model": "news.post", "pk": 4, "fields": {"author": 1, "categoryType": "AR", "dateCreation": "2023-01-28T14:37:19.946Z", "title": "Раньше игры были лучше", "text": "Игры стали более массовым развлечением и потому упростились.", "rating": 1}}, {"model": "news.post", "pk": 5, "fields": {"author": 2, "categoryType": "NW", "dateCreation": "2023-01-28T15:09:22.395Z", "title": "Где наша сосиска из детства?", "text": "Когда взрослеешь сосиска кажется уже не таким интересным и веселым как было раньше!", "rating": 0}}, {"model": "news.post", "pk": 19, "fields": {"author": 1, "categoryType": "NW", "dateCreation": "2023-02-17T20:21:08.930Z", "title": "Мир в Огне", "text": "Вот и всё товарищи", "rating": 0}}, {"model": "news.post", "pk": 37, "fields": {"author": 1, "categoryType": "AR", "dateCreation": "2023-02-25T13:05:36.887Z", "title": "Новые веяния в Питоне", "text": "Что же нового в Питоне за прошедшую неделю", "rating": 0}}, {"model": "news.post", "pk": 38, "fields": {"author": 1, "categoryType": "AR", "dateCreation": "2023-02-25T13:13:46.925Z", "title": "Мир на 25.02.2023", "text": "Мир в большой ЖОПЕ", "rating": 0}}, {"model": "news.post", "pk": 40, "fields": {"author": 2, "categoryType": "NW", "dateCreation": "2023-02-28T20:12:08.577Z", "title": "4324234234", "text": "3254353534534", "rating": 0}}, {"model": "news.postcategory", "pk": 2, "fields": {"postThrough": 2, "categoryThrough": 2}}, {"model": "news.postcategory", "pk": 3, "fields": {"postThrough": 2, "categoryThrough": 3}}, {"model": "news.postcategory", "pk": 20, "fields": {"postThrough": 37, "categoryThrough": 4}}, {"model": "news.postcategory", "pk": 21, "fields": {"postThrough": 38, "categoryThrough": 2}}, {"model": "news.postcategory", "pk": 23, "fields": {"postThrough": 40, "categoryThrough": 3}}, {"model": "news.comment", "pk": 3, "fields": {"commentPost": 2, "commentUser": 1, "text": "Никто не думает о будущем", "dateCreation": "2023-01-25T18:43:02.478Z", "rating": -1}}, {"model": "news.comment", "pk": 4, "fields": {"commentPost": 2, "commentUser": 2, "text": "Никто не знает, что будет завтра", "dateCreation": "2023-01-25T18:43:54.072Z", "rating": 1}}, {"model": "news.comment", "pk": 5, "fields": {"commentPost": 3, "commentUser": 2, "text": "Надоел уже этот Ковид", "dateCreation": "2023-01-25T18:45:12.234Z", "rating": -1}}, {"model": "news.comment", "pk": 6, "fields": {"commentPost": 3, "commentUser": 1, "text": "Скоро придумают новый вирус", "dateCreation": "2023-01-25T18:46:29.122Z", "rating": -1}}, {"model": "news.subscriber", "pk": 1, "fields": {"user": 3, "category": 1}}, {"model": "news.subscriber", "pk": 2, "fields": {"user": 3, "category": 3}}, {"model": "news.subscriber", "pk": 3, "fields": {"user": 3, "category": 2}}, {"model": "news.subscriber", "pk": 4, "fields": {"user": 3, "category": 4}}, {"model": "news.subscriber", "pk": 5, "fields": {"user": 46, "category": 1}}, {"model": "news.subscriber", "pk": 6, "fields": {"user": 46, "category": 3}}, {"model": "news.subscriber", "pk": 7, "fields": {"user": 46, "category": 2}}, {"model": "news.subscriber", "pk": 8, "fields": {"user": 46, "category": 4}}, {"model": "account.emailaddress", "pk": 4, "fields": {"user": 8, "email": "TROTIL3@yandex.ru", "verified": true, "primary": true}}, {"model": "account.emailaddress", "pk": 37, "fields": {"user": 3, "email": "tarascroatia89@gmail.com", "verified": true, "primary": true}}, {"model": "account.emailaddress", "pk": 43, "fields": {"user": 46, "email": "c3pio89@gmail.com", "verified": true, "primary": true}}, {"model": "socialaccount.socialapp", "pk": 1, "fields": {"provider": "yandex", "name": "Yandex", "client_id": "e1425fd9fd9744229ea457852b1e6c98", "secret": "90b4e07afa7943229c43ea932d148f6e", "key": "", "sites": [1]}}, {"model": "socialaccount.socialaccount", "pk": 2, "fields": {"user": 8, "provider": "yandex", "uid": "9293542", "last_login": "2023-02-17T18:35:13.378Z", "date_joined": "2023-02-13T17:48:52.508Z", "extra_data": "{\"id\": \"9293542\", \"login\": \"TROTIL3\", \"client_id\": \"e1425fd9fd9744229ea457852b1e6c98\", \"display_name\": \"\\u0422\\u0430\\u0440\\u0430\\u0441 \\u0417\\u0438\\u043d\\u0447\\u0435\\u043d\\u043a\\u043e\", \"real_name\": \"\\u0422\\u0430\\u0440\\u0430\\u0441 \\u0417\\u0438\\u043d\\u0447\\u0435\\u043d\\u043a\\u043e\", \"first_name\": \"\\u0422\\u0430\\u0440\\u0430\\u0441\", \"last_name\": \"\\u0417\\u0438\\u043d\\u0447\\u0435\\u043d\\u043a\\u043e\", \"sex\": \"male\", \"default_email\": \"TROTIL3@yandex.ru\", \"emails\": [\"TROTIL3@yandex.ru\"], \"psuid\": \"1.AAkhAw.9jlNro5YdkNAEd5nlapZGA.cJEFu14ZEsYSBmmQnSZU-g\"}"}}, {"model": "django_apscheduler.djangojob", "pk": "delete_old_job_executions", "fields": {"next_run_time": "2023-02-27T00:00:00Z", "job_state": "gAWVZwQAAAAAAAB9lCiMB3ZlcnNpb26USwGMAmlklIwZZGVsZXRlX29sZF9qb2JfZXhlY3V0aW9uc5SMBGZ1bmOUjEFuZXdzLm1hbmFnZW1lbnQuY29tbWFuZHMucnVuYXBzY2hlZHVsZXI6ZGVsZXRlX29sZF9qb2JfZXhlY3V0aW9uc5SMB3RyaWdnZXKUjBlhcHNjaGVkdWxlci50cmlnZ2Vycy5jcm9ulIwLQ3JvblRyaWdnZXKUk5QpgZR9lChoAUsCjAh0aW1lem9uZZSMG3B5dHpfZGVwcmVjYXRpb25fc2hpbS5faW1wbJSMCXdyYXBfem9uZZSTlIwIZGF0ZXRpbWWUjAh0aW1lem9uZZSTlGgQjAl0aW1lZGVsdGGUk5RLAEsASwCHlFKUhZRSlIwDVVRDlIaUUpSMCnN0YXJ0X2RhdGWUTowIZW5kX2RhdGWUTowGZmllbGRzlF2UKIwgYXBzY2hlZHVsZXIudHJpZ2dlcnMuY3Jvbi5maWVsZHOUjAlCYXNlRmllbGSUk5QpgZR9lCiMBG5hbWWUjAR5ZWFylIwKaXNfZGVmYXVsdJSIjAtleHByZXNzaW9uc5RdlIwlYXBzY2hlZHVsZXIudHJpZ2dlcnMuY3Jvbi5leHByZXNzaW9uc5SMDUFsbEV4cHJlc3Npb26Uk5QpgZR9lIwEc3RlcJROc2JhdWJoIIwKTW9udGhGaWVsZJSTlCmBlH2UKGgljAVtb250aJRoJ4hoKF2UaCwpgZR9lGgvTnNiYXViaCCMD0RheU9mTW9udGhGaWVsZJSTlCmBlH2UKGgljANkYXmUaCeIaChdlGgsKYGUfZRoL05zYmF1YmggjAlXZWVrRmllbGSUk5QpgZR9lChoJYwEd2Vla5RoJ4hoKF2UaCwpgZR9lGgvTnNiYXViaCCMDkRheU9mV2Vla0ZpZWxklJOUKYGUfZQoaCWMC2RheV9vZl93ZWVrlGgniWgoXZRoKowWV2Vla2RheVJhbmdlRXhwcmVzc2lvbpSTlCmBlH2UKGgvTowFZmlyc3SUSwCMBGxhc3SUSwB1YmF1YmgiKYGUfZQoaCWMBGhvdXKUaCeJaChdlGgqjA9SYW5nZUV4cHJlc3Npb26Uk5QpgZR9lChoL05oUksAaFNLAHViYXViaCIpgZR9lChoJYwGbWludXRllGgniWgoXZRoWSmBlH2UKGgvTmhSSwBoU0sAdWJhdWJoIimBlH2UKGgljAZzZWNvbmSUaCeIaChdlGhZKYGUfZQoaC9OaFJLAGhTSwB1YmF1YmWMBmppdHRlcpROdWKMCGV4ZWN1dG9ylIwHZGVmYXVsdJSMBGFyZ3OUKYwGa3dhcmdzlH2UaCVoA4wSbWlzZmlyZV9ncmFjZV90aW1llEsBjAhjb2FsZXNjZZSIjA1tYXhfaW5zdGFuY2VzlEsBjA1uZXh0X3J1bl90aW1llGgQjAhkYXRldGltZZSTlEMKB+cCGwAAAAAAAJRoG4aUUpR1Lg=="}}, {"model": "django_apscheduler.djangojob", "pk": "my_job", "fields": {"next_run_time": "2023-02-21T22:17:00Z", "job_state": "gAWV5AMAAAAAAAB9lCiMB3ZlcnNpb26USwGMAmlklIwGbXlfam9ilIwEZnVuY5SMLm5ld3MubWFuYWdlbWVudC5jb21tYW5kcy5ydW5hcHNjaGVkdWxlcjpteV9qb2KUjAd0cmlnZ2VylIwZYXBzY2hlZHVsZXIudHJpZ2dlcnMuY3JvbpSMC0Nyb25UcmlnZ2VylJOUKYGUfZQoaAFLAowIdGltZXpvbmWUjBtweXR6X2RlcHJlY2F0aW9uX3NoaW0uX2ltcGyUjAl3cmFwX3pvbmWUk5SMCGRhdGV0aW1llIwIdGltZXpvbmWUk5RoEIwJdGltZWRlbHRhlJOUSwBLAEsAh5RSlIWUUpSMA1VUQ5SGlFKUjApzdGFydF9kYXRllE6MCGVuZF9kYXRllE6MBmZpZWxkc5RdlCiMIGFwc2NoZWR1bGVyLnRyaWdnZXJzLmNyb24uZmllbGRzlIwJQmFzZUZpZWxklJOUKYGUfZQojARuYW1llIwEeWVhcpSMCmlzX2RlZmF1bHSUiIwLZXhwcmVzc2lvbnOUXZSMJWFwc2NoZWR1bGVyLnRyaWdnZXJzLmNyb24uZXhwcmVzc2lvbnOUjA1BbGxFeHByZXNzaW9ulJOUKYGUfZSMBHN0ZXCUTnNiYXViaCCMCk1vbnRoRmllbGSUk5QpgZR9lChoJYwFbW9udGiUaCeIaChdlGgsKYGUfZRoL05zYmF1YmggjA9EYXlPZk1vbnRoRmllbGSUk5QpgZR9lChoJYwDZGF5lGgniGgoXZRoLCmBlH2UaC9Oc2JhdWJoIIwJV2Vla0ZpZWxklJOUKYGUfZQoaCWMBHdlZWuUaCeIaChdlGgsKYGUfZRoL05zYmF1YmggjA5EYXlPZldlZWtGaWVsZJSTlCmBlH2UKGgljAtkYXlfb2Zfd2Vla5RoJ4hoKF2UaCwpgZR9lGgvTnNiYXViaCIpgZR9lChoJYwEaG91cpRoJ4hoKF2UaCwpgZR9lGgvTnNiYXViaCIpgZR9lChoJYwGbWludXRllGgniGgoXZRoLCmBlH2UaC9Oc2JhdWJoIimBlH2UKGgljAZzZWNvbmSUaCeJaChdlGgsKYGUfZRoL0sKc2JhdWJljAZqaXR0ZXKUTnVijAhleGVjdXRvcpSMB2RlZmF1bHSUjARhcmdzlCmMBmt3YXJnc5R9lGglaAOMEm1pc2ZpcmVfZ3JhY2VfdGltZZRLAYwIY29hbGVzY2WUiIwNbWF4X2luc3RhbmNlc5RLAYwNbmV4dF9ydW5fdGltZZRoEIwIZGF0ZXRpbWWUk5RDCgfnAhUWEQAAAACUaBuGlFKUdS4="}}, {"model": "django_apscheduler.djangojobexecution", "pk": 1, "fields": {"job": "my_job", "status": "Executed", "run_time": "2023-02-21T20:24:50Z", "duration": "0.01", "finished": "1677011090.01", "exception": null, "traceback": null}}, {"model": "django_apscheduler.djangojobexecution", "pk": 2, "fields": {"job": "my_job", "status": "Executed", "run_time": "2023-02-21T20:25:20Z", "duration": "0.01", "finished": "1677011120.01", "exception": null, "traceback": null}}, {"model": "django_apscheduler.djangojobexecution", "pk": 3, "fields": {"job": "my_job", "status": "Executed", "run_time": "2023-02-21T20:25:30Z", "duration": "0.02", "finished": "1677011130.02", "exception": null, "traceback": null}}, {"model": "django_apscheduler.djangojobexecution", "pk": 4, "fields": {"job": "my_job", "status": "Executed", "run_time": "2023-02-21T20:25:40Z", "duration": "0.02", "finished": "1677011140.02", "exception": null, "traceback": null}}, {"model": "django_apscheduler.djangojobexecution", "pk": 5, "fields": {"job": "my_job", "status": "Executed", "run_time": "2023-02-21T20:25:50Z", "duration": "0.02", "finished": "1677011150.02", "exception": null, "traceback": null}}, {"model": "django_apscheduler.djangojobexecution", "pk": 6, "fields": {"job": "my_job", "status": "Executed", "run_time": "2023-02-21T20:26:00Z", "duration": "0.02", "finished": "1677011160.02", "exception": null, "traceback": null}}, {"model": "django_apscheduler.djangojobexecution", "pk": 7, "fields": {"job": "my_job", "status": "Executed", "run_time": "2023-02-21T20:26:10Z", "duration": "0.02", "finished": "1677011170.02", "exception": null, "traceback": null}}, {"model": "django_apscheduler.djangojobexecution", "pk": 8, "fields": {"job": "my_job", "status": "Executed", "run_time": "2023-02-21T20:26:20Z", "duration": "0.02", "finished": "1677011180.02", "exception": null, "traceback": null}}, {"model": "django_apscheduler.djangojobexecution", "pk": 9, "fields": {"job": "my_job", "status": "Executed", "run_time": "2023-02-21T20:26:30Z", "duration": "0.02", "finished": "1677011190.02", "exception": null, "traceback": null}}, {"model": "django_apscheduler.djangojobexecution", "pk": 10, "fields": {"job": "my_job", "status": "Executed", "run_time": "2023-02-21T20:28:00Z", "duration": "0.01", "finished": "1677011280.01", "exception": null, "traceback": null}}, {"model": "django_apscheduler.djangojobexecution", "pk": 11, "fields": {"job": "my_job", "status": "Executed", "run_time": "2023-02-21T20:28:10Z", "duration": "0.02", "finished": "1677011290.02", "exception": null, "traceback": null}}, {"model": "django_apscheduler.djangojobexecution", "pk": 12, "fields": {"job": "my_job", "status": "Executed", "run_time": "2023-02-21T20:28:20Z", "duration": "0.01", "finished": "1677011300.01", "exception": null, "traceback": null}}, {"model": "django_apscheduler.djangojobexecution", "pk": 13, "fields": {"job": "my_job", "status": "Executed", "run_time": "2023-02-21T20:28:30Z", "duration": "0.02", "finished": "1677011310.02", "exception": null, "traceback": null}}, {"model": "django_apscheduler.djangojobexecution", "pk": 14, "fields": {"job": "my_job", "status": "Executed", "run_time": "2023-02-21T20:28:40Z", "duration": "0.01", "finished": "1677011320.01", "exception": null, "traceback": null}}, {"model": "django_apscheduler.djangojobexecution", "pk": 15, "fields": {"job": "my_job", "status": "Executed", "run_time": "2023-02-21T14:29:00Z", "duration": "0.02", "finished": "1677011340.02", "exception": null, "traceback": null}}, {"model": "django_apscheduler.djangojobexecution", "pk": 16, "fields": {"job": "my_job", "status": "Executed", "run_time": "2023-02-21T14:29:10Z", "duration": "0.02", "finished": "1677011350.02", "exception": null, "traceback": null}}, {"model": "django_apscheduler.djangojobexecution", "pk": 17, "fields": {"job": "my_job", "status": "Executed", "run_time": "2023-02-21T14:29:20Z", "duration": "0.01", "finished": "1677011360.01", "exception": null, "traceback": null}}, {"model": "django_apscheduler.djangojobexecution", "pk": 18, "fields": {"job": "my_job", "status": "Executed", "run_time": "2023-02-21T14:29:30Z", "duration": "0.01", "finished": "1677011370.01", "exception": null, "traceback": null}}, {"model": "django_apscheduler.djangojobexecution", "pk": 19, "fields": {"job": "my_job", "status": "Executed", "run_time": "2023-02-21T14:29:40Z", "duration": "0.02", "finished": "1677011380.02", "exception": null, "traceback": null}}, {"model": "django_apscheduler.djangojobexecution", "pk": 20, "fields": {"job": "my_job", "status": "Executed", "run_time": "2023-02-21T14:29:50Z", "duration": "0.02", "finished": "1677011390.02", "exception": null, "traceback": null}}, {"model": "django_apscheduler.djangojobexecution", "pk": 21, "fields": {"job": "my_job", "status": "Executed", "run_time": "2023-02-21T14:30:00Z", "duration": "0.02", "finished": "1677011400.02", "exception": null, "traceback": null}}, {"model": "django_apscheduler.djangojobexecution", "pk": 22, "fields": {"job": "my_job", "status": "Executed", "run_time": "2023-02-21T14:30:10Z", "duration": "0.02", "finished": "1677011410.02", "exception": null, "traceback": null}}, {"model": "django_apscheduler.djangojobexecution", "pk": 23, "fields": {"job": "my_job", "status": "Executed", "run_time": "2023-02-21T14:30:20Z", "duration": "0.02", "finished": "1677011420.02", "exception": null, "traceback": null}}, {"model": "django_apscheduler.djangojobexecution", "pk": 24, "fields": {"job": "my_job", "status": "Executed", "run_time": "2023-02-21T14:30:30Z", "duration": "0.02", "finished": "1677011430.02", "exception": null, "traceback": null}}, {"model": "django_apscheduler.djangojobexecution", "pk": 25, "fields": {"job": "my_job", "status": "Executed", "run_time": "2023-02-21T14:30:40Z", "duration": "0.02", "finished": "1677011440.02", "exception": null, "traceback": null}}, {"model": "django_apscheduler.djangojobexecution", "pk": 26, "fields": {"job": "my_job", "status": "Executed", "run_time": "2023-02-21T14:30:50Z", "duration": "0.02", "finished": "1677011450.02", "exception": null, "traceback": null}}, {"model": "django_apscheduler.djangojobexecution", "pk": 27, "fields": {"job": "my_job", "status": "Executed", "run_time": "2023-02-21T14:31:00Z", "duration": "0.02", "finished": "1677011460.02", "exception": null, "traceback": null}}, {"model": "django_apscheduler.djangojobexecution", "pk": 28, "fields": {"job": "my_job", "status": "Executed", "run_time": "2023-02-21T14:31:10Z", "duration": "0.01", "finished": "1677011470.01", "exception": null, "traceback": null}}, {"model": "django_apscheduler.djangojobexecution", "pk": 29, "fields": {"job": "my_job", "status": "Executed", "run_time": "2023-02-21T21:43:50Z", "duration": "0.03", "finished": "1677015830.03", "exception": null, "traceback": null}}, {"model": "django_apscheduler.djangojobexecution", "pk": 30, "fields": {"job": "my_job", "status": "Executed", "run_time": "2023-02-21T21:44:00Z", "duration": "0.03", "finished": "1677015840.03", "exception": null, "traceback": null}}, {"model": "django_apscheduler.djangojobexecution", "pk": 31, "fields": {"job": "my_job", "status": "Executed", "run_time": "2023-02-21T21:44:10Z", "duration": "0.03", "finished": "1677015850.03", "exception": null, "traceback": null}}, {"model": "django_apscheduler.djangojobexecution", "pk": 32, "fields": {"job": "my_job", "status": "Executed", "run_time": "2023-02-21T22:11:50Z", "duration": "2.96", "finished": "1677017512.96", "exception": null, "traceback": null}}, {"model": "django_apscheduler.djangojobexecution", "pk": 33, "fields": {"job": "my_job", "status": "Executed", "run_time": "2023-02-21T22:12:00Z", "duration": "2.23", "finished": "1677017522.23", "exception": null, "traceback": null}}, {"model": "django_apscheduler.djangojobexecution", "pk": 34, "fields": {"job": "my_job", "status": "Executed", "run_time": "2023-02-21T22:12:10Z", "duration": "2.43", "finished": "1677017532.43", "exception": null, "traceback": null}}, {"model": "django_apscheduler.djangojobexecution", "pk": 35, "fields": {"job": "my_job", "status": "Executed", "run_time": "2023-02-21T22:12:20Z", "duration": "3.05", "finished": "1677017543.05", "exception": null, "traceback": null}}, {"model": "django_apscheduler.djangojobexecution", "pk": 36, "fields": {"job": "my_job", "status": "Error!", "run_time": "2023-02-21T22:15:20Z", "duration": "0.04", "finished": "1677017720.04", "exception": "Invalid block tag on line 15: 'endfor'. Did you forget to register or load this tag?", "traceback": "  File \"/Library/Frameworks/Python.framework/Versions/3.11/lib/python3.11/site-packages/apscheduler/executors/base.py\", line 125, in run_job\n    retval = job.func(*job.args, **job.kwargs)\n             ^^^^^^^^^^^^^^^^^^^^^^^^^^^^^^^^^\n  File \"/Users/angrymedic/studing/skillfactory/NewsPortal/NewsPaper/news/management/commands/runapscheduler.py\", line 26, in my_job\n    html_content = render_to_string(\n                   ^^^^^^^^^^^^^^^^^\n  File \"/Library/Frameworks/Python.framework/Versions/3.11/lib/python3.11/site-packages/django/template/loader.py\", line 61, in render_to_string\n    template = get_template(template_name, using=using)\n               ^^^^^^^^^^^^^^^^^^^^^^^^^^^^^^^^^^^^^^^^\n  File \"/Library/Frameworks/Python.framework/Versions/3.11/lib/python3.11/site-packages/django/template/loader.py\", line 15, in get_template\n    return engine.get_template(template_name)\n           ^^^^^^^^^^^^^^^^^^^^^^^^^^^^^^^^^^\n  File \"/Library/Frameworks/Python.framework/Versions/3.11/lib/python3.11/site-packages/django/template/backends/django.py\", line 34, in get_template\n    return Template(self.engine.get_template(template_name), self)\n                    ^^^^^^^^^^^^^^^^^^^^^^^^^^^^^^^^^^^^^^^\n  File \"/Library/Frameworks/Python.framework/Versions/3.11/lib/python3.11/site-packages/django/template/engine.py\", line 175, in get_template\n    template, origin = self.find_template(template_name)\n                       ^^^^^^^^^^^^^^^^^^^^^^^^^^^^^^^^^\n  File \"/Library/Frameworks/Python.framework/Versions/3.11/lib/python3.11/site-packages/django/template/engine.py\", line 157, in find_template\n    template = loader.get_template(name, skip=skip)\n               ^^^^^^^^^^^^^^^^^^^^^^^^^^^^^^^^^^^^\n  File \"/Library/Frameworks/Python.framework/Versions/3.11/lib/python3.11/site-packages/django/template/loaders/cached.py\", line 57, in get_template\n    template = super().get_template(template_name, skip)\n               ^^^^^^^^^^^^^^^^^^^^^^^^^^^^^^^^^^^^^^^^^\n  File \"/Library/Frameworks/Python.framework/Versions/3.11/lib/python3.11/site-packages/django/template/loaders/base.py\", line 28, in get_template\n    return Template(\n           ^^^^^^^^^\n  File \"/Library/Frameworks/Python.framework/Versions/3.11/lib/python3.11/site-packages/django/template/base.py\", line 154, in __init__\n    self.nodelist = self.compile_nodelist()\n                    ^^^^^^^^^^^^^^^^^^^^^^^\n  File \"/Library/Frameworks/Python.framework/Versions/3.11/lib/python3.11/site-packages/django/template/base.py\", line 200, in compile_nodelist\n    return parser.parse()\n           ^^^^^^^^^^^^^^\n  File \"/Library/Frameworks/Python.framework/Versions/3.11/lib/python3.11/site-packages/django/template/base.py\", line 507, in parse\n    self.invalid_block_tag(token, command, parse_until)\n  File \"/Library/Frameworks/Python.framework/Versions/3.11/lib/python3.11/site-packages/django/template/base.py\", line 568, in invalid_block_tag\n    raise self.error(\n"}}, {"model": "django_apscheduler.djangojobexecution", "pk": 37, "fields": {"job": "my_job", "status": "Error!", "run_time": "2023-02-21T22:15:30Z", "duration": "0.04", "finished": "1677017730.04", "exception": "Invalid block tag on line 15: 'endfor'. Did you forget to register or load this tag?", "traceback": "  File \"/Library/Frameworks/Python.framework/Versions/3.11/lib/python3.11/site-packages/apscheduler/executors/base.py\", line 125, in run_job\n    retval = job.func(*job.args, **job.kwargs)\n             ^^^^^^^^^^^^^^^^^^^^^^^^^^^^^^^^^\n  File \"/Users/angrymedic/studing/skillfactory/NewsPortal/NewsPaper/news/management/commands/runapscheduler.py\", line 26, in my_job\n    html_content = render_to_string(\n                   ^^^^^^^^^^^^^^^^^\n  File \"/Library/Frameworks/Python.framework/Versions/3.11/lib/python3.11/site-packages/django/template/loader.py\", line 61, in render_to_string\n    template = get_template(template_name, using=using)\n               ^^^^^^^^^^^^^^^^^^^^^^^^^^^^^^^^^^^^^^^^\n  File \"/Library/Frameworks/Python.framework/Versions/3.11/lib/python3.11/site-packages/django/template/loader.py\", line 15, in get_template\n    return engine.get_template(template_name)\n           ^^^^^^^^^^^^^^^^^^^^^^^^^^^^^^^^^^\n  File \"/Library/Frameworks/Python.framework/Versions/3.11/lib/python3.11/site-packages/django/template/backends/django.py\", line 34, in get_template\n    return Template(self.engine.get_template(template_name), self)\n                    ^^^^^^^^^^^^^^^^^^^^^^^^^^^^^^^^^^^^^^^\n  File \"/Library/Frameworks/Python.framework/Versions/3.11/lib/python3.11/site-packages/django/template/engine.py\", line 175, in get_template\n    template, origin = self.find_template(template_name)\n                       ^^^^^^^^^^^^^^^^^^^^^^^^^^^^^^^^^\n  File \"/Library/Frameworks/Python.framework/Versions/3.11/lib/python3.11/site-packages/django/template/engine.py\", line 157, in find_template\n    template = loader.get_template(name, skip=skip)\n               ^^^^^^^^^^^^^^^^^^^^^^^^^^^^^^^^^^^^\n  File \"/Library/Frameworks/Python.framework/Versions/3.11/lib/python3.11/site-packages/django/template/loaders/cached.py\", line 57, in get_template\n    template = super().get_template(template_name, skip)\n               ^^^^^^^^^^^^^^^^^^^^^^^^^^^^^^^^^^^^^^^^^\n  File \"/Library/Frameworks/Python.framework/Versions/3.11/lib/python3.11/site-packages/django/template/loaders/base.py\", line 28, in get_template\n    return Template(\n           ^^^^^^^^^\n  File \"/Library/Frameworks/Python.framework/Versions/3.11/lib/python3.11/site-packages/django/template/base.py\", line 154, in __init__\n    self.nodelist = self.compile_nodelist()\n                    ^^^^^^^^^^^^^^^^^^^^^^^\n  File \"/Library/Frameworks/Python.framework/Versions/3.11/lib/python3.11/site-packages/django/template/base.py\", line 200, in compile_nodelist\n    return parser.parse()\n           ^^^^^^^^^^^^^^\n  File \"/Library/Frameworks/Python.framework/Versions/3.11/lib/python3.11/site-packages/django/template/base.py\", line 507, in parse\n    self.invalid_block_tag(token, command, parse_until)\n  File \"/Library/Frameworks/Python.framework/Versions/3.11/lib/python3.11/site-packages/django/template/base.py\", line 568, in invalid_block_tag\n    raise self.error(\n"}}, {"model": "django_apscheduler.djangojobexecution", "pk": 38, "fields": {"job": "my_job", "status": "Error!", "run_time": "2023-02-21T22:16:20Z", "duration": "10.51", "finished": "1677017790.51", "exception": "Connection unexpectedly closed", "traceback": "  File \"/Library/Frameworks/Python.framework/Versions/3.11/lib/python3.11/site-packages/apscheduler/executors/base.py\", line 125, in run_job\n    retval = job.func(*job.args, **job.kwargs)\n             ^^^^^^^^^^^^^^^^^^^^^^^^^^^^^^^^^\n  File \"/Users/angrymedic/studing/skillfactory/NewsPortal/NewsPaper/news/management/commands/runapscheduler.py\", line 42, in my_job\n    msg.send()\n  File \"/Library/Frameworks/Python.framework/Versions/3.11/lib/python3.11/site-packages/django/core/mail/message.py\", line 298, in send\n    return self.get_connection(fail_silently).send_messages([self])\n           ^^^^^^^^^^^^^^^^^^^^^^^^^^^^^^^^^^^^^^^^^^^^^^^^^^^^^^^^\n  File \"/Library/Frameworks/Python.framework/Versions/3.11/lib/python3.11/site-packages/django/core/mail/backends/smtp.py\", line 124, in send_messages\n    new_conn_created = self.open()\n                       ^^^^^^^^^^^\n  File \"/Library/Frameworks/Python.framework/Versions/3.11/lib/python3.11/site-packages/django/core/mail/backends/smtp.py\", line 80, in open\n    self.connection = self.connection_class(\n                      ^^^^^^^^^^^^^^^^^^^^^^\n  File \"/Library/Frameworks/Python.framework/Versions/3.11/lib/python3.11/smtplib.py\", line 1050, in __init__\n    SMTP.__init__(self, host, port, local_hostname, timeout,\n  File \"/Library/Frameworks/Python.framework/Versions/3.11/lib/python3.11/smtplib.py\", line 255, in __init__\n    (code, msg) = self.connect(host, port)\n                  ^^^^^^^^^^^^^^^^^^^^^^^^\n  File \"/Library/Frameworks/Python.framework/Versions/3.11/lib/python3.11/smtplib.py\", line 343, in connect\n    (code, msg) = self.getreply()\n                  ^^^^^^^^^^^^^^^\n  File \"/Library/Frameworks/Python.framework/Versions/3.11/lib/python3.11/smtplib.py\", line 405, in getreply\n    raise SMTPServerDisconnected(\"Connection unexpectedly closed\")\n"}}, {"model": "django_apscheduler.djangojobexecution", "pk": 39, "fields": {"job": "my_job", "status": "Max instances!", "run_time": "2023-02-21T22:16:30Z", "duration": "0.03", "finished": "1677017790.03", "exception": "Execution of job 'my_job' skipped: maximum number of running instances reached!", "traceback": null}}, {"model": "django_apscheduler.djangojobexecution", "pk": 40, "fields": {"job": "my_job", "status": "Executed", "run_time": "2023-02-21T22:16:40Z", "duration": "2.01", "finished": "1677017802.01", "exception": null, "traceback": null}}, {"model": "django_apscheduler.djangojobexecution", "pk": 41, "fields": {"job": "my_job", "status": "Executed", "run_time": "2023-02-21T22:16:50Z", "duration": "1.99", "finished": "1677017811.99", "exception": null, "traceback": null}}]